# Rooms,Area (mÂ²),# Car Spots,Condominium Fee (BRL),City,Neighborhood,Price (BRL)
0,4.0,134.0,3.0,655.0,0,0,940000.0
1,4.0,124.0,2.0,0.0,1,1,1080980.0
2,3.0,100.0,0.0,670.0,0,2,340000.0
3,,34.0,0.0,0.0,2,3,199000.0
4,2.0,50.0,0.0,435.0,1,4,350000.0
5,2.0,50.0,0.0,250.0,3,5,85000.0
6,4.0,380.0,2.0,2000.0,0,0,1500000.0
7,4.0,203.0,3.0,1100.0,1,6,2099000.0
8,3.0,66.0,0.0,0.0,0,0,414000.0
9,,35.0,0.0,700.0,1,7,260000.0
10,,37.0,0.0,696.0,0,8,210000.0
11,2.0,54.0,0.0,400.0,1,4,549000.0
12,2.0,50.0,0.0,0.0,4,9,50000.0
13,4.0,127.0,2.0,900.0,1,4,490000.0
14,4.0,171.0,3.0,1700.0,1,10,1499000.0
15,2.0,53.0,0.0,0.0,1,11,269000.0
16,3.0,123.0,3.0,1100.0,1,12,790000.0
17,3.0,192.0,3.0,1500.0,1,13,1549900.0
18,,48.0,0.0,996.0,1,4,249999.0
19,4.0,163.0,2.0,1470.0,1,4,650000.0
20,3.0,90.0,2.0,0.0,1,14,240000.0
21,3.0,107.0,0.0,600.0,1,15,299900.0
22,2.0,138.0,2.0,1050.0,1,4,680000.0
23,4.0,247.0,3.0,1400.0,1,16,2100000.0
24,3.0,167.0,2.0,1100.0,1,4,1150000.0
25,3.0,105.0,0.0,160.0,2,17,230000.0
26,4.0,110.0,4.0,1090.0,5,18,260000.0
27,3.0,160.0,4.0,306.0,5,19,498000.0
28,2.0,100.0,0.0,120.0,1,20,290000.0
29,3.0,62.0,0.0,0.0,0,0,65000.0
30,2.0,45.0,0.0,165.0,6,21,120000.0
31,2.0,67.0,0.0,0.0,7,22,300000.0
32,3.0,67.0,0.0,1.0,1,23,455000.0
33,3.0,83.0,2.0,550.0,1,4,700000.0
34,3.0,71.0,0.0,1.0,1,14,392800.0
35,5.0,330.0,4.0,400.0,8,24,290000.0
36,4.0,234.0,3.0,1460.0,1,10,1790000.0
37,3.0,98.0,2.0,1150.0,1,6,530000.0
38,4.0,210.0,3.0,0.0,6,25,700000.0
39,,30.0,0.0,0.0,1,4,235000.0
40,3.0,64.0,0.0,420.0,1,26,345000.0
41,,35.0,0.0,527.0,1,6,249000.0
42,4.0,300.0,4.0,0.0,9,27,780000.0
43,3.0,100.0,2.0,1200.0,1,6,700000.0
44,3.0,62.0,0.0,348.0,1,26,255000.0
45,3.0,70.0,0.0,400.0,2,3,220000.0
46,4.0,77.0,0.0,20.0,6,21,100000.0
47,5.0,312.0,4.0,2500.0,1,7,4400000.0
48,4.0,401.0,5.0,2500.0,1,4,7900000.0
49,2.0,60.0,0.0,230.0,0,0,160000.0
50,3.0,66.0,0.0,0.0,0,0,440000.0
51,3.0,126.0,0.0,0.0,1,1,400000.0
52,4.0,180.0,2.0,1400.0,1,4,1300000.0
53,4.0,162.0,3.0,920.0,1,4,1460000.0
54,5.0,225.0,2.0,1737.0,2,3,300000.0
55,2.0,43.0,0.0,500.0,1,23,340000.0
56,3.0,79.0,0.0,650.0,1,6,375000.0
57,3.0,68.0,0.0,560.0,1,4,360000.0
58,5.0,300.0,0.0,0.0,2,17,690000.0
59,3.0,69.0,0.0,180.0,2,28,280000.0
60,3.0,82.0,2.0,700.0,1,4,700000.0
61,3.0,96.0,0.0,900.0,1,4,470000.0
62,3.0,105.0,2.0,900.0,1,4,800000.0
63,4.0,139.0,2.0,0.0,1,10,1458000.0
64,2.0,60.0,0.0,0.0,1,29,70000.0
65,3.0,78.0,0.0,660.0,1,30,360000.0
66,2.0,44.0,0.0,120.0,5,31,180000.0
67,2.0,58.0,0.0,480.0,1,11,280000.0
68,4.0,300.0,3.0,2400.0,1,32,3500000.0
69,4.0,171.0,3.0,1000.0,1,33,1700000.0
70,4.0,150.0,5.0,1250.0,0,2,920000.0
71,3.0,230.0,3.0,0.0,6,34,680000.0
72,2.0,60.0,0.0,0.0,4,35,139000.0
73,2.0,49.0,0.0,0.0,2,36,200000.0
74,2.0,48.0,0.0,0.0,10,37,126000.0
75,2.0,50.0,0.0,0.0,4,38,150000.0
76,2.0,60.0,0.0,0.0,4,39,150000.0
77,3.0,78.0,0.0,840.0,1,40,260000.0
78,2.0,10.0,0.0,0.0,2,41,180000.0
79,3.0,113.0,2.0,1125.0,8,42,970000.0
80,4.0,167.0,2.0,0.0,1,4,500000.0
81,4.0,195.0,2.0,1400.0,1,4,1200000.0
82,3.0,220.0,3.0,1930.0,1,4,2700000.0
83,3.0,85.0,2.0,950.0,1,12,534000.0
84,3.0,65.0,0.0,450.0,0,0,320000.0
85,2.0,47.0,0.0,465.0,1,4,350000.0
86,3.0,65.0,5.0,0.0,1,4,480000.0
87,4.0,291.0,3.0,0.0,1,4,700000.0
88,4.0,365.0,4.0,0.0,8,42,2300000.0
89,3.0,66.0,0.0,0.0,0,8,350000.0
90,4.0,189.0,2.0,1300.0,1,43,590000.0
91,4.0,276.0,2.0,0.0,1,4,1200000.0
92,4.0,136.0,2.0,0.0,1,4,1180000.0
93,4.0,250.0,2.0,720.0,5,44,1280000.0
94,2.0,45.0,0.0,0.0,0,2,210000.0
95,4.0,136.0,2.0,1100.0,1,45,1020000.0
96,,32.0,0.0,294.0,11,25,350000.0
97,,35.0,0.0,0.0,1,46,300000.0
98,4.0,145.0,2.0,0.0,1,4,650000.0
99,4.0,200.0,3.0,1900.0,1,10,980000.0
100,4.0,221.0,2.0,0.0,1,4,1650000.0
101,3.0,180.0,2.0,0.0,2,28,750000.0
102,5.0,200.0,0.0,0.0,2,47,495000.0
103,3.0,67.0,0.0,560.0,1,45,531186.0
104,3.0,86.0,2.0,0.0,1,4,837219.0
105,3.0,80.0,2.0,500.0,1,4,650000.0
106,3.0,110.0,0.0,650.0,1,48,390000.0
107,3.0,84.0,0.0,0.0,1,23,550000.0
108,3.0,85.0,2.0,600.0,1,4,525000.0
109,4.0,132.0,2.0,900.0,1,4,1390000.0
110,4.0,135.0,2.0,1620.0,1,4,1040000.0
111,4.0,112.0,2.0,0.0,1,23,800000.0
112,4.0,223.0,5.0,1900.0,1,49,1300000.0
113,3.0,115.0,0.0,180.0,0,2,300000.0
114,2.0,50.0,0.0,0.0,1,50,263126.0
115,4.0,218.0,3.0,0.0,1,32,3000000.0
116,3.0,96.0,0.0,970.0,1,43,350000.0
117,4.0,253.0,3.0,2780.0,8,42,2700000.0
118,2.0,57.0,0.0,0.0,4,39,150000.0
119,4.0,160.0,2.0,0.0,2,17,450000.0
120,2.0,46.0,0.0,0.0,1,51,287900.0
121,2.0,40.0,0.0,0.0,1,4,220000.0
122,4.0,155.0,0.0,14.0,1,4,2400000.0
123,3.0,480.0,5.0,0.0,1,52,600000.0
124,3.0,98.0,0.0,750.0,1,4,400000.0
125,3.0,80.0,0.0,0.0,1,15,270000.0
126,4.0,210.0,3.0,0.0,1,33,1750000.0
127,3.0,115.0,0.0,1200.0,1,4,460000.0
128,4.0,150.0,2.0,640.0,5,31,530000.0
129,,32.0,0.0,800.0,0,2,180000.0
130,4.0,165.0,2.0,1000.0,0,2,1180000.0
131,4.0,225.0,3.0,1000.0,1,45,1550000.0
132,3.0,125.0,2.0,400.0,7,22,350000.0
133,3.0,185.0,2.0,0.0,7,53,470000.0
134,3.0,124.0,2.0,0.0,7,54,380000.0
135,2.0,100.0,0.0,180.0,0,0,30000.0
136,,28.0,0.0,0.0,1,4,220000.0
137,2.0,54.0,0.0,433.0,1,45,385000.0
138,3.0,97.0,2.0,0.0,8,42,714000.0
139,4.0,130.0,3.0,0.0,5,31,210000.0
140,2.0,49.0,0.0,0.0,1,4,395838.0
141,2.0,54.0,0.0,650.0,1,55,360000.0
142,3.0,105.0,2.0,1000.0,1,4,660000.0
143,3.0,61.0,0.0,0.0,1,56,395000.0
144,3.0,120.0,2.0,850.0,1,4,850000.0
145,4.0,160.0,0.0,906.0,1,4,475000.0
146,2.0,65.0,0.0,407.0,1,11,390000.0
147,4.0,218.0,3.0,0.0,1,4,3050000.0
148,3.0,160.0,2.0,1500.0,1,4,1300000.0
149,4.0,150.0,2.0,0.0,1,57,520000.0
150,4.0,135.0,3.0,420.0,0,2,350000.0
151,3.0,81.0,0.0,470.0,1,15,250000.0
152,5.0,250.0,3.0,1700.0,0,2,900000.0
153,3.0,88.0,2.0,740.0,1,4,700000.0
154,3.0,170.0,2.0,1000.0,0,0,570000.0
155,3.0,88.0,2.0,800.0,1,6,590000.0
156,4.0,171.0,3.0,1650.0,1,10,1700000.0
157,3.0,133.0,0.0,0.0,1,4,500000.0
158,2.0,100.0,2.0,0.0,1,32,380000.0
159,3.0,93.0,2.0,800.0,1,4,1195000.0
160,2.0,55.0,0.0,0.0,6,34,140000.0
161,3.0,67.0,0.0,550.0,1,15,270000.0
162,4.0,208.0,2.0,1250.0,1,1,630000.0
163,4.0,132.0,0.0,775.0,1,4,1390000.0
164,,46.0,0.0,315.0,1,56,130000.0
165,3.0,140.0,3.0,0.0,1,6,800000.0
166,4.0,270.0,2.0,1500.0,1,4,1290000.0
167,2.0,105.0,2.0,780.0,0,2,550000.0
168,3.0,75.0,0.0,260.0,0,2,200000.0
169,3.0,100.0,3.0,0.0,1,58,330000.0
170,4.0,360.0,4.0,0.0,1,4,6500000.0
171,4.0,134.0,2.0,0.0,1,13,849999.0
172,3.0,120.0,0.0,0.0,1,48,245000.0
173,2.0,62.0,0.0,500.0,1,6,360000.0
174,3.0,93.0,0.0,650.0,1,1,310000.0
175,4.0,208.0,3.0,933.0,1,33,2100000.0
176,4.0,120.0,2.0,0.0,1,7,1459000.0
177,4.0,150.0,3.0,0.0,1,30,920000.0
178,4.0,238.0,4.0,2200.0,1,13,1400000.0
179,3.0,70.0,0.0,0.0,2,41,146000.0
180,2.0,45.0,0.0,0.0,1,56,346500.0
181,3.0,87.0,2.0,0.0,1,13,790000.0
182,2.0,70.0,0.0,0.0,1,32,390000.0
183,2.0,60.0,0.0,550.0,1,4,360000.0
184,2.0,59.0,0.0,640.0,2,3,360000.0
185,2.0,50.0,0.0,560.0,1,6,380000.0
186,3.0,68.0,2.0,0.0,1,56,523000.0
187,4.0,280.0,3.0,2000.0,1,49,1500000.0
188,3.0,59.0,0.0,0.0,1,6,359999.0
189,3.0,57.0,0.0,300.0,1,55,340000.0
190,2.0,57.0,0.0,400.0,1,12,321000.0
191,4.0,198.0,3.0,1200.0,1,23,1400000.0
192,3.0,95.0,0.0,703.0,1,6,280000.0
193,3.0,75.0,0.0,415.0,2,3,240000.0
194,4.0,201.0,3.0,1550.0,1,43,1105000.0
195,4.0,180.0,2.0,1200.0,1,56,500000.0
196,4.0,250.0,3.0,2360.0,1,4,1300000.0
197,2.0,45.0,0.0,290.0,0,0,195000.0
198,4.0,190.0,3.0,1000.0,1,51,1350000.0
199,2.0,63.0,0.0,565.0,0,2,400000.0
200,4.0,172.0,3.0,0.0,0,2,1200000.0
201,3.0,145.0,0.0,1000.0,1,46,760000.0
202,3.0,75.0,0.0,730.0,1,30,410000.0
203,3.0,116.0,2.0,550.0,2,3,650000.0
204,,32.0,0.0,384.0,1,4,295000.0
205,3.0,129.0,0.0,1000.0,1,12,780000.0
206,2.0,60.0,0.0,0.0,1,12,320000.0
207,4.0,260.0,3.0,1650.0,1,18,1300000.0
208,3.0,100.0,2.0,600.0,1,4,539000.0
209,3.0,120.0,0.0,822.0,1,4,350000.0
210,3.0,62.0,2.0,0.0,4,59,30000.0
211,2.0,52.0,0.0,400.0,0,2,270000.0
212,3.0,84.0,2.0,0.0,1,49,842000.0
213,3.0,67.0,0.0,450.0,0,2,360000.0
214,4.0,245.0,2.0,1900.0,0,2,1850000.0
215,2.0,56.0,0.0,0.0,1,12,305000.0
216,3.0,70.0,0.0,0.0,1,60,310000.0
217,4.0,310.0,4.0,3000.0,1,7,1850000.0
218,3.0,75.0,0.0,400.0,2,3,235000.0
219,4.0,268.0,4.0,1.0,1,32,3543144.0
220,3.0,126.0,2.0,880.0,1,32,1260000.0
221,3.0,95.0,2.0,740.0,1,45,650000.0
222,2.0,51.0,0.0,250.0,1,14,280000.0
223,3.0,61.0,0.0,300.0,1,29,320000.0
224,4.0,174.0,2.0,1100.0,1,4,800000.0
225,4.0,360.0,3.0,0.0,1,4,850000.0
226,2.0,92.0,0.0,100.0,6,21,135000.0
227,3.0,105.0,2.0,750.0,1,12,871500.0
228,2.0,58.0,0.0,340.0,1,40,280000.0
229,4.0,205.0,2.0,1748.0,1,4,1300000.0
230,3.0,86.0,2.0,640.0,1,4,550000.0
231,4.0,147.0,3.0,0.0,1,13,1026100.0
232,2.0,52.0,0.0,0.0,1,56,372000.0
233,,32.0,0.0,371.0,1,33,399000.0
234,,32.0,0.0,0.0,1,4,250000.0
235,,36.0,0.0,0.0,1,13,335200.0
236,,42.0,0.0,0.0,1,4,386700.0
237,2.0,50.0,0.0,0.0,1,23,330000.0
238,3.0,81.0,2.0,0.0,1,32,705470.0
239,3.0,71.0,0.0,0.0,1,32,455000.0
240,3.0,130.0,0.0,0.0,1,4,740000.0
241,,23.0,0.0,0.0,1,4,260000.0
242,,33.0,0.0,0.0,1,4,562500.0
243,3.0,140.0,2.0,700.0,2,3,620000.0
244,4.0,161.0,2.0,0.0,8,42,2025000.0
245,2.0,65.0,0.0,555.0,1,4,350000.0
246,2.0,46.0,0.0,0.0,1,4,335700.0
247,4.0,135.0,2.0,0.0,1,4,1463000.0
248,3.0,115.0,2.0,0.0,1,4,700000.0
249,3.0,145.0,2.0,0.0,1,4,740000.0
250,4.0,146.0,2.0,0.0,1,4,1200000.0
251,4.0,135.0,2.0,800.0,2,3,935000.0
252,5.0,503.0,0.0,0.0,8,42,5500000.0
253,3.0,96.0,2.0,0.0,1,61,870000.0
254,2.0,46.0,0.0,0.0,1,61,285000.0
255,2.0,53.0,0.0,0.0,1,11,299980.0
256,3.0,89.0,2.0,0.0,1,49,736000.0
257,4.0,126.0,2.0,0.0,1,32,1257400.0
258,3.0,71.0,0.0,0.0,1,49,479400.0
259,2.0,57.0,0.0,0.0,1,12,321000.0
260,3.0,91.0,2.0,0.0,1,4,827400.0
261,3.0,59.0,0.0,0.0,1,6,356000.0
262,3.0,61.0,0.0,0.0,1,40,395000.0
263,3.0,67.0,0.0,0.0,1,62,550000.0
264,4.0,123.0,2.0,0.0,1,6,954000.0
265,,35.0,0.0,0.0,1,45,327300.0
266,3.0,93.0,2.0,0.0,1,12,680000.0
267,2.0,63.0,0.0,0.0,1,46,410000.0
268,,40.0,0.0,0.0,1,4,328000.0
269,2.0,50.0,0.0,0.0,1,49,349000.0
270,,32.0,0.0,0.0,1,63,285000.0
271,3.0,67.0,0.0,0.0,1,12,435500.0
272,3.0,67.0,0.0,0.0,1,32,399000.0
273,2.0,46.0,0.0,0.0,1,6,355000.0
274,2.0,56.0,0.0,0.0,1,12,400000.0
275,2.0,66.0,0.0,605.0,1,12,370000.0
276,2.0,52.0,0.0,0.0,1,4,370000.0
277,3.0,80.0,2.0,0.0,1,4,560000.0
278,3.0,94.0,2.0,886.0,1,33,933500.0
279,3.0,97.0,2.0,0.0,1,4,905000.0
280,2.0,61.0,0.0,0.0,1,6,375000.0
281,3.0,92.0,0.0,0.0,1,4,754000.0
282,2.0,61.0,0.0,400.0,1,50,165000.0
283,3.0,121.0,0.0,885.0,1,4,400000.0
284,2.0,68.0,0.0,500.0,1,6,390000.0
285,2.0,46.0,0.0,0.0,1,23,320000.0
286,2.0,60.0,0.0,450.0,1,55,417000.0
287,4.0,134.0,2.0,0.0,1,6,1200000.0
288,,48.0,0.0,1344.0,1,4,325000.0
289,5.0,297.0,5.0,4500.0,1,18,3200000.0
290,3.0,159.0,2.0,1200.0,2,17,530000.0
291,3.0,77.0,0.0,350.0,1,4,210000.0
292,4.0,145.0,3.0,0.0,1,30,1014000.0
293,3.0,88.0,0.0,612.0,2,3,310000.0
294,3.0,81.0,2.0,0.0,1,4,550000.0
295,3.0,110.0,2.0,910.0,1,40,495000.0
296,3.0,99.0,0.0,1100.0,1,33,350000.0
297,3.0,68.0,0.0,120.0,1,64,339000.0
298,3.0,106.0,0.0,1000.0,1,46,400000.0
299,3.0,155.0,3.0,130.0,6,25,250000.0
300,3.0,159.0,2.0,0.0,2,65,520000.0
301,4.0,132.0,2.0,0.0,1,62,1281997.0
302,2.0,47.0,0.0,0.0,0,0,149200.0
303,3.0,240.0,3.0,0.0,1,57,549900.0
304,3.0,130.0,2.0,880.0,0,2,689900.0
305,2.0,45.0,0.0,225.0,0,2,150000.0
306,3.0,120.0,2.0,0.0,1,33,750000.0
307,3.0,104.0,0.0,900.0,1,33,420000.0
308,2.0,48.0,0.0,0.0,1,56,369000.0
309,3.0,310.0,3.0,0.0,1,14,700000.0
310,,48.0,0.0,730.0,1,4,270000.0
311,3.0,75.0,0.0,0.0,0,2,210000.0
312,4.0,135.0,2.0,736.0,1,4,1390000.0
313,3.0,131.0,2.0,1000.0,1,1,530000.0
314,3.0,65.0,0.0,0.0,6,21,185000.0
315,3.0,94.0,2.0,0.0,1,33,933522.0
316,2.0,96.0,0.0,0.0,1,33,380000.0
317,4.0,136.0,2.0,1150.0,1,32,1450000.0
318,3.0,140.0,2.0,360.0,0,0,250000.0
319,4.0,208.0,4.0,0.0,1,66,1400000.0
320,3.0,86.0,0.0,900.0,1,4,1200000.0
321,4.0,124.0,0.0,0.0,1,50,350000.0
322,2.0,70.0,0.0,540.0,1,4,330000.0
323,3.0,95.0,0.0,760.0,1,43,320000.0
324,2.0,85.0,2.0,650.0,1,32,900000.0
325,5.0,300.0,3.0,0.0,1,67,250000.0
326,4.0,208.0,0.0,0.0,1,18,2200000.0
327,4.0,121.0,2.0,550.0,1,1,750000.0
328,4.0,132.0,2.0,765.0,1,4,1400000.0
329,2.0,45.0,0.0,0.0,6,68,150000.0
330,3.0,61.0,0.0,500.0,1,46,400000.0
331,3.0,62.0,0.0,50.0,0,8,120000.0
332,4.0,166.0,3.0,1.0,1,10,1294178.0
333,3.0,126.0,0.0,750.0,0,0,500000.0
334,4.0,163.0,3.0,780.0,1,4,1400000.0
335,3.0,173.0,0.0,1230.0,0,38,580000.0
336,2.0,43.0,0.0,0.0,1,50,219000.0
337,2.0,44.0,0.0,0.0,1,51,287399.0
338,2.0,53.0,0.0,0.0,1,1,561000.0
339,2.0,58.0,0.0,359.0,1,4,599000.0
340,3.0,92.0,2.0,0.0,1,4,754000.0
341,3.0,144.0,0.0,950.0,1,4,455000.0
342,4.0,140.0,2.0,0.0,1,4,900000.0
343,4.0,300.0,3.0,1800.0,1,30,1200000.0
344,2.0,46.0,0.0,0.0,6,69,142000.0
345,2.0,53.0,0.0,0.0,0,0,175900.0
346,2.0,55.0,0.0,0.0,6,21,140000.0
347,3.0,120.0,0.0,800.0,1,4,580000.0
348,3.0,80.0,0.0,765.0,1,45,450000.0
349,3.0,73.0,0.0,275.0,1,46,240000.0
350,,30.0,0.0,895.0,0,0,180000.0
351,3.0,94.0,2.0,0.0,1,33,1096000.0
352,4.0,155.0,2.0,0.0,1,4,750000.0
353,3.0,86.0,2.0,0.0,1,4,730000.0
354,3.0,93.0,2.0,0.0,1,4,1195000.0
355,2.0,76.0,0.0,506.0,1,4,250000.0
356,2.0,55.0,0.0,50.0,2,41,170000.0
357,,35.0,0.0,0.0,1,1,285000.0
358,4.0,166.0,2.0,1358.0,1,6,800000.0
359,4.0,200.0,2.0,500.0,9,27,560000.0
360,5.0,220.0,2.0,1500.0,1,45,700000.0
361,5.0,384.0,3.0,0.0,7,70,450000.0
362,3.0,80.0,2.0,0.0,1,4,900000.0
363,2.0,60.0,0.0,0.0,1,4,375000.0
364,3.0,96.0,2.0,800.0,2,3,345000.0
365,,32.0,0.0,0.0,1,13,386086.0
366,3.0,67.0,0.0,350.0,1,11,367999.0
367,2.0,55.0,0.0,242.0,9,71,189000.0
368,3.0,74.0,2.0,500.0,1,4,550000.0
369,,50.0,0.0,0.0,1,72,28000.0
370,3.0,163.0,2.0,1018.0,1,45,850000.0
371,3.0,63.0,0.0,225.0,0,0,150000.0
372,3.0,63.0,0.0,550.0,1,15,235000.0
373,3.0,105.0,2.0,850.0,1,55,698000.0
374,2.0,46.0,0.0,200.0,6,73,48999.0
375,2.0,113.0,2.0,0.0,8,42,900000.0
376,3.0,72.0,0.0,0.0,1,32,460000.0
377,4.0,140.0,2.0,1000.0,1,32,1400000.0
378,3.0,160.0,2.0,1080.0,1,4,460000.0
379,4.0,352.0,3.0,0.0,0,2,750000.0
380,,24.0,0.0,0.0,1,4,207600.0
381,4.0,268.0,0.0,875.0,1,4,695000.0
382,2.0,58.0,0.0,700.0,1,6,360000.0
383,4.0,115.0,0.0,900.0,5,74,420000.0
384,4.0,410.0,3.0,2800.0,1,4,4500000.0
385,2.0,70.0,0.0,0.0,6,75,219000.0
386,2.0,43.0,2.0,0.0,0,76,65000.0
387,3.0,122.0,2.0,0.0,1,30,970000.0
388,4.0,350.0,4.0,0.0,9,27,750000.0
389,4.0,152.0,2.0,1100.0,1,4,1760000.0
390,3.0,75.0,0.0,0.0,1,77,210000.0
391,4.0,200.0,2.0,0.0,9,27,470000.0
392,3.0,75.0,0.0,0.0,0,0,380000.0
393,4.0,250.0,2.0,1400.0,1,12,850000.0
394,4.0,122.0,3.0,1100.0,1,49,950000.0
395,4.0,152.0,3.0,0.0,1,62,900000.0
396,3.0,63.0,0.0,600.0,1,12,439500.0
397,3.0,91.0,2.0,0.0,1,23,620000.0
398,4.0,411.0,3.0,3500.0,1,4,4500000.0
399,4.0,130.0,2.0,1000.0,1,4,1647811.0
400,2.0,49.0,0.0,0.0,1,13,315000.0
401,,24.0,0.0,500.0,1,4,267215.0
402,3.0,120.0,0.0,800.0,2,3,420000.0
403,2.0,45.0,0.0,0.0,1,50,250000.0
404,3.0,90.0,0.0,350.0,1,32,270000.0
405,,35.0,0.0,0.0,0,2,215000.0
406,,40.0,0.0,0.0,0,0,284999.0
407,3.0,134.0,0.0,0.0,1,12,650000.0
408,3.0,86.0,0.0,580.0,1,23,230000.0
409,4.0,103.0,0.0,0.0,0,0,235000.0
410,3.0,130.0,2.0,1200.0,1,46,450000.0
411,3.0,150.0,2.0,0.0,1,4,850000.0
412,3.0,135.0,2.0,0.0,0,2,600000.0
413,2.0,85.0,2.0,750.0,0,0,330000.0
414,3.0,98.0,2.0,748.0,0,0,380000.0
415,3.0,75.0,2.0,600.0,7,78,340000.0
416,3.0,117.0,2.0,0.0,7,70,340000.0
417,2.0,45.0,0.0,0.0,1,56,351000.0
418,2.0,54.0,0.0,0.0,6,69,150000.0
419,3.0,80.0,0.0,250.0,0,2,210000.0
420,4.0,420.0,4.0,2600.0,1,4,4487900.0
421,2.0,48.0,0.0,465.0,1,4,369000.0
422,3.0,142.0,0.0,1260.0,1,4,650000.0
423,3.0,106.0,2.0,750.0,1,12,870000.0
424,3.0,87.0,2.0,1000.0,1,4,870000.0
425,,38.0,0.0,358.0,1,56,357000.0
426,4.0,152.0,2.0,0.0,1,4,1760000.0
427,2.0,57.0,0.0,0.0,1,48,390000.0
428,3.0,260.0,3.0,0.0,1,23,999000.0
429,2.0,57.0,0.0,350.0,1,55,420000.0
430,3.0,66.0,0.0,0.0,0,0,435000.0
431,2.0,51.0,0.0,0.0,1,46,448000.0
432,3.0,80.0,2.0,500.0,1,4,520000.0
433,4.0,160.0,3.0,0.0,1,4,1600000.0
434,2.0,42.0,0.0,0.0,9,79,76400.0
435,2.0,50.0,0.0,0.0,2,80,185000.0
436,2.0,55.0,0.0,0.0,1,55,296863.0
437,2.0,66.0,0.0,400.0,1,11,200000.0
438,2.0,58.0,0.0,0.0,1,4,580000.0
439,2.0,54.0,0.0,0.0,2,28,247125.0
440,4.0,168.0,2.0,1250.0,1,6,830000.0
441,2.0,70.0,0.0,0.0,6,81,165000.0
442,3.0,63.0,0.0,550.0,1,12,420000.0
443,2.0,50.0,0.0,190.0,0,0,180000.0
444,4.0,120.0,2.0,1246.0,1,4,640000.0
445,4.0,290.0,2.0,2200.0,1,10,990000.0
446,3.0,90.0,2.0,500.0,5,82,250000.0
447,2.0,63.0,0.0,0.0,0,0,340000.0
448,2.0,64.0,0.0,0.0,5,31,120000.0
449,2.0,140.0,2.0,0.0,5,31,220000.0
450,3.0,100.0,0.0,0.0,5,31,250000.0
451,2.0,68.0,0.0,160.0,7,78,210000.0
452,2.0,57.0,0.0,445.0,1,55,390000.0
453,4.0,378.0,4.0,2700.0,0,2,1350000.0
454,4.0,246.0,3.0,1800.0,1,4,1100000.0
455,3.0,115.0,2.0,860.0,1,6,600000.0
456,4.0,208.0,3.0,1430.0,1,23,1720000.0
457,,38.0,0.0,0.0,1,56,325000.0
458,3.0,195.0,2.0,650.0,5,16,500000.0
459,3.0,120.0,0.0,0.0,0,0,279890.0
460,,36.0,0.0,0.0,0,0,215000.0
461,4.0,90.0,0.0,0.0,1,6,789000.0
462,3.0,65.0,0.0,200.0,0,0,140000.0
463,3.0,120.0,0.0,1500.0,1,1,430000.0
464,4.0,168.0,0.0,1400.0,1,32,950000.0
465,,36.0,0.0,750.0,0,8,200000.0
466,3.0,80.0,0.0,0.0,1,64,383000.0
467,3.0,128.0,2.0,1100.0,1,4,990000.0
468,2.0,52.0,0.0,410.0,1,4,333000.0
469,5.0,278.0,5.0,0.0,1,45,780000.0
470,2.0,52.0,0.0,0.0,4,39,150000.0
471,3.0,119.0,2.0,1315.0,1,4,680000.0
472,4.0,164.0,3.0,900.0,1,4,1580000.0
473,4.0,212.0,3.0,0.0,8,42,2500000.0
474,4.0,125.0,2.0,0.0,1,4,1320000.0
475,3.0,135.0,0.0,500.0,1,56,350000.0
476,4.0,241.0,3.0,0.0,1,4,3100000.0
477,2.0,60.0,2.0,400.0,7,78,350000.0
478,3.0,69.0,0.0,670.0,1,45,389000.0
479,,35.0,0.0,370.0,1,12,280000.0
480,2.0,65.0,0.0,200.0,0,0,110000.0
481,4.0,238.0,3.0,2100.0,0,2,1600000.0
482,3.0,79.0,0.0,0.0,1,32,705470.0
483,3.0,69.0,2.0,0.0,0,2,280000.0
484,3.0,97.0,2.0,0.0,0,0,630000.0
485,,40.0,0.0,0.0,0,0,245000.0
486,2.0,53.0,0.0,0.0,1,14,380900.0
487,3.0,75.0,0.0,450.0,1,14,330000.0
488,3.0,158.0,0.0,820.0,2,17,650000.0
489,2.0,114.0,0.0,0.0,2,17,500000.0
490,3.0,89.0,2.0,850.0,1,23,550000.0
491,2.0,60.0,0.0,500.0,0,0,280000.0
492,3.0,70.0,0.0,0.0,1,50,460000.0
493,4.0,173.0,2.0,1100.0,1,4,800000.0
494,5.0,470.0,5.0,850.0,0,83,2200000.0
495,4.0,149.0,2.0,720.0,1,84,595000.0
496,3.0,169.0,0.0,0.0,7,22,320000.0
497,3.0,83.0,0.0,0.0,1,14,454000.0
498,3.0,73.0,0.0,401.0,1,55,485000.0
499,3.0,80.0,2.0,580.0,1,43,540000.0
500,3.0,60.0,0.0,0.0,1,56,385400.0
501,3.0,280.0,2.0,0.0,1,57,350000.0
502,4.0,190.0,2.0,0.0,2,85,730000.0
503,3.0,136.0,2.0,1200.0,1,4,490000.0
504,2.0,81.0,0.0,410.0,2,86,240000.0
505,3.0,81.0,2.0,750.0,1,4,990000.0
506,3.0,123.0,0.0,1150.0,1,1,465000.0
507,3.0,100.0,2.0,0.0,2,3,600000.0
508,2.0,106.0,2.0,0.0,8,42,1300000.0
509,3.0,107.0,0.0,0.0,2,86,560000.0
510,4.0,173.0,4.0,900.0,1,66,1650000.0
511,4.0,174.0,2.0,1200.0,0,2,850000.0
512,3.0,93.0,2.0,760.0,1,12,720000.0
513,3.0,107.0,2.0,0.0,1,4,810000.0
514,3.0,120.0,0.0,835.0,1,55,330000.0
515,2.0,44.0,0.0,300.0,1,23,350000.0
516,4.0,180.0,0.0,0.0,6,21,245000.0
517,2.0,70.0,0.0,500.0,1,4,250000.0
518,3.0,110.0,2.0,900.0,1,43,565000.0
519,3.0,75.0,0.0,80.0,2,17,145000.0
520,2.0,72.0,0.0,400.0,5,31,350000.0
521,3.0,106.0,2.0,800.0,1,4,880000.0
522,3.0,120.0,2.0,900.0,1,4,850000.0
523,3.0,85.0,2.0,700.0,1,4,600000.0
524,3.0,90.0,2.0,940.0,0,2,517000.0
525,2.0,42.0,0.0,0.0,0,8,142000.0
526,2.0,42.0,0.0,0.0,9,71,140900.0
527,2.0,400.0,5.0,0.0,6,21,400000.0
528,3.0,67.0,0.0,0.0,0,0,440000.0
529,,33.0,0.0,0.0,0,2,247000.0
530,3.0,170.0,2.0,1152.0,1,4,1050000.0
531,2.0,50.0,0.0,250.0,7,78,170000.0
532,3.0,67.0,0.0,0.0,1,62,532000.0
533,2.0,56.0,0.0,580.0,1,4,600000.0
534,,36.0,5.0,1.0,1,1,389000.0
535,4.0,100.0,0.0,800.0,0,2,150000.0
536,2.0,45.0,0.0,0.0,0,0,152999.0
537,,33.0,0.0,0.0,0,0,186000.0
538,2.0,51.0,0.0,400.0,1,6,370000.0
539,2.0,54.0,0.0,0.0,0,2,315000.0
540,3.0,108.0,0.0,650.0,1,4,310000.0
541,3.0,90.0,2.0,400.0,7,22,450000.0
542,2.0,48.0,0.0,217.0,3,87,123000.0
543,3.0,97.0,2.0,0.0,1,4,830000.0
544,4.0,218.0,2.0,1900.0,1,1,1140000.0
545,2.0,90.0,0.0,650.0,1,4,460000.0
546,3.0,92.0,0.0,0.0,1,20,450000.0
547,3.0,86.0,2.0,0.0,1,4,718177.0
548,4.0,112.0,2.0,0.0,1,23,790000.0
549,3.0,70.0,0.0,450.0,1,49,220000.0
550,3.0,90.0,2.0,0.0,1,32,800000.0
551,2.0,40.0,0.0,0.0,0,0,285000.0
552,4.0,143.0,2.0,250.0,0,0,270000.0
553,2.0,50.0,0.0,0.0,1,49,359000.0
554,2.0,48.0,0.0,732.0,5,19,180000.0
555,5.0,190.0,2.0,1090.0,5,44,860000.0
556,2.0,73.0,2.0,700.0,0,0,370000.0
557,2.0,58.0,0.0,100.0,2,28,100000.0
558,2.0,56.0,2.0,345.0,0,2,340000.0
559,4.0,600.0,0.0,0.0,2,88,750000.0
560,3.0,105.0,2.0,0.0,1,12,870000.0
561,4.0,113.0,2.0,0.0,1,23,819000.0
562,4.0,430.0,2.0,2700.0,1,4,1600000.0
563,2.0,46.0,0.0,0.0,6,21,175000.0
564,3.0,89.0,2.0,627.0,0,38,650000.0
565,3.0,82.0,0.0,0.0,0,0,429000.0
566,3.0,120.0,0.0,1500.0,1,1,390000.0
567,3.0,56.0,0.0,1.0,3,89,141000.0
568,3.0,370.0,5.0,0.0,1,50,1000000.0
569,2.0,44.0,0.0,175.0,0,8,90000.0
570,2.0,47.0,0.0,450.0,1,14,250000.0
571,4.0,120.0,2.0,900.0,5,82,320000.0
572,3.0,120.0,0.0,650.0,1,4,600000.0
573,2.0,47.0,0.0,160.0,0,90,138000.0
574,4.0,125.0,0.0,0.0,1,4,1400000.0
575,2.0,54.0,0.0,0.0,0,8,430000.0
576,4.0,140.0,3.0,0.0,1,62,850000.0
577,3.0,171.0,3.0,0.0,1,10,1900000.0
578,2.0,50.0,0.0,200.0,1,46,200000.0
579,3.0,92.0,2.0,0.0,1,4,1080000.0
580,3.0,150.0,3.0,1300.0,1,7,890000.0
581,3.0,75.0,0.0,1050.0,1,4,410000.0
582,2.0,59.0,0.0,0.0,1,4,560000.0
583,2.0,47.0,0.0,1.0,3,87,133999.0
584,2.0,42.0,0.0,80.0,6,91,112540.0
585,2.0,52.0,0.0,0.0,6,25,140000.0
586,,34.0,0.0,379.0,2,28,175000.0
587,,37.0,0.0,895.0,0,2,175000.0
588,4.0,147.0,2.0,1250.0,1,33,649000.0
589,2.0,46.0,0.0,100.0,0,0,149998.0
590,2.0,47.0,0.0,0.0,1,4,330000.0
591,3.0,107.0,2.0,0.0,1,4,900000.0
592,2.0,57.0,0.0,630.0,1,32,530000.0
593,2.0,72.0,0.0,846.0,5,44,440000.0
594,2.0,44.0,0.0,520.0,1,32,678429.0
595,3.0,145.0,0.0,0.0,0,2,365000.0
596,4.0,172.0,3.0,1400.0,1,10,1550000.0
597,,30.0,0.0,0.0,0,2,299999.0
598,3.0,103.0,3.0,780.0,0,0,440000.0
599,4.0,220.0,3.0,0.0,1,46,2400000.0
600,4.0,130.0,2.0,0.0,1,49,750000.0
601,,30.0,0.0,0.0,1,11,230000.0
602,,26.0,0.0,20.0,11,92,230000.0
603,3.0,86.0,2.0,0.0,1,4,895000.0
604,2.0,47.0,0.0,1.0,10,37,125060.0
605,,20.0,0.0,2.0,11,92,170000.0
606,2.0,57.0,0.0,450.0,1,51,339000.0
607,5.0,1000.0,4.0,0.0,5,19,2990000.0
608,2.0,50.0,0.0,1.0,0,0,166030.0
609,2.0,70.0,0.0,350.0,1,14,185000.0
610,,52.0,0.0,320.0,1,93,200000.0
611,,44.0,0.0,0.0,1,94,350000.0
612,3.0,80.0,0.0,700.0,1,1,475000.0
613,2.0,45.0,0.0,1.0,0,0,181000.0
614,2.0,65.0,0.0,618.0,1,55,230000.0
615,3.0,61.0,0.0,0.0,1,55,436000.0
616,,39.0,0.0,829.0,1,32,420000.0
617,3.0,131.0,2.0,1270.0,1,4,700000.0
618,2.0,55.0,0.0,0.0,1,14,351000.0
619,4.0,112.0,0.0,700.0,2,17,330000.0
620,2.0,43.0,0.0,1.0,6,81,160900.0
621,4.0,236.0,2.0,2212.0,1,4,950000.0
622,,32.0,0.0,20.0,1,49,248300.0
623,2.0,61.0,0.0,600.0,1,12,380000.0
624,3.0,110.0,0.0,1050.0,1,4,460000.0
625,3.0,92.0,0.0,755.0,1,15,315000.0
626,2.0,59.0,0.0,335.0,1,52,250000.0
627,3.0,69.0,0.0,400.0,1,6,470000.0
628,2.0,47.0,0.0,212.0,1,15,250000.0
629,3.0,147.0,2.0,0.0,1,43,420000.0
630,2.0,62.0,0.0,336.0,0,2,350000.0
631,2.0,50.0,0.0,0.0,6,21,125000.0
632,2.0,42.0,0.0,1.0,1,95,156900.0
633,4.0,135.0,2.0,0.0,1,62,919638.0
634,,34.0,0.0,429.0,1,56,195000.0
635,4.0,296.0,3.0,0.0,1,50,480000.0
636,,18.0,0.0,0.0,1,4,219000.0
637,3.0,102.0,0.0,825.0,1,40,480000.0
638,2.0,42.0,0.0,1.0,6,91,142500.0
639,2.0,42.0,0.0,1.0,9,96,136090.0
640,2.0,41.0,0.0,1.0,9,71,168000.0
641,2.0,43.0,0.0,1.0,1,14,159999.0
642,2.0,45.0,0.0,1.0,9,97,156999.0
643,3.0,56.0,0.0,1.0,9,97,179050.0
644,4.0,187.0,2.0,1993.0,1,4,819900.0
645,4.0,144.0,2.0,1000.0,1,45,1000000.0
646,4.0,406.0,4.0,0.0,1,4,4397000.0
647,2.0,46.0,0.0,1.0,3,87,128999.0
648,2.0,47.0,0.0,1.0,2,86,186091.0
649,2.0,50.0,0.0,0.0,6,81,129990.0
650,2.0,43.0,0.0,1.0,9,71,142000.0
651,2.0,49.0,0.0,1.0,2,86,157080.0
652,3.0,84.0,2.0,0.0,1,49,748500.0
653,2.0,43.0,0.0,200.0,0,2,169800.0
654,3.0,68.0,0.0,543.0,1,32,399000.0
655,2.0,55.0,0.0,0.0,2,3,350000.0
656,2.0,58.0,0.0,550.0,1,4,390000.0
657,5.0,450.0,2.0,0.0,6,34,980000.0
658,4.0,130.0,2.0,880.0,0,2,950000.0
659,2.0,43.0,0.0,20.0,0,8,142500.0
660,3.0,180.0,0.0,0.0,1,10,1520000.0
661,3.0,91.0,2.0,715.0,1,4,470000.0
662,3.0,64.0,0.0,400.0,1,6,420000.0
663,3.0,80.0,2.0,0.0,1,4,520000.0
664,4.0,114.0,2.0,1100.0,1,49,780000.0
665,2.0,55.0,0.0,250.0,0,0,125000.0
666,3.0,105.0,2.0,790.0,0,0,550000.0
667,4.0,225.0,3.0,1350.0,1,4,1098000.0
668,3.0,82.0,2.0,700.0,1,4,600000.0
669,2.0,60.0,0.0,290.0,7,22,290000.0
670,,42.0,0.0,20.0,9,98,123000.0
671,4.0,200.0,2.0,300.0,5,18,450000.0
672,4.0,643.0,3.0,1350.0,1,7,2200000.0
673,3.0,90.0,2.0,0.0,1,4,828000.0
674,,34.0,0.0,0.0,1,93,315000.0
675,3.0,121.0,0.0,1150.0,1,43,650000.0
676,2.0,44.0,0.0,2.0,0,0,170000.0
677,4.0,250.0,3.0,0.0,1,32,3700000.0
678,2.0,48.0,0.0,0.0,4,9,130000.0
679,2.0,50.0,0.0,0.0,10,99,145000.0
680,4.0,170.0,2.0,0.0,1,4,900000.0
681,4.0,124.0,3.0,0.0,1,4,1300000.0
682,2.0,41.0,0.0,170.0,9,100,122000.0
683,3.0,90.0,0.0,1030.0,1,11,490000.0
684,4.0,85.0,0.0,90.0,2,3,390000.0
685,2.0,56.0,0.0,0.0,2,3,390000.0
686,3.0,113.0,2.0,0.0,8,42,960000.0
687,3.0,90.0,0.0,700.0,1,40,420000.0
688,3.0,158.0,0.0,400.0,5,19,510000.0
689,4.0,215.0,4.0,2300.0,1,10,1650000.0
690,3.0,67.0,2.0,600.0,0,2,229000.0
691,4.0,135.0,2.0,1.0,1,62,1000000.0
692,4.0,170.0,3.0,0.0,1,4,1900000.0
693,3.0,68.0,2.0,0.0,1,4,555000.0
694,3.0,70.0,0.0,0.0,1,14,500000.0
695,3.0,109.0,2.0,0.0,1,11,1000000.0
696,4.0,130.0,2.0,1000.0,1,12,780000.0
697,5.0,500.0,3.0,1900.0,5,31,1200000.0
698,,34.0,0.0,0.0,1,4,280000.0
699,2.0,56.0,0.0,0.0,1,4,610000.0
700,3.0,70.0,2.0,20.0,1,14,570000.0
701,4.0,159.0,4.0,0.0,2,3,1200000.0
702,3.0,59.0,0.0,500.0,1,4,419251.0
703,3.0,82.0,0.0,0.0,1,4,390000.0
704,3.0,75.0,0.0,800.0,1,1,340000.0
705,3.0,60.0,0.0,465.0,1,46,440000.0
706,3.0,99.0,2.0,700.0,1,1,250000.0
707,5.0,578.0,0.0,2800.0,1,4,2400000.0
708,,67.0,0.0,1400.0,1,4,490000.0
709,2.0,42.0,0.0,2.0,1,50,229500.0
710,3.0,95.0,2.0,0.0,0,0,295000.0
711,4.0,300.0,3.0,1600.0,1,1,1500000.0
712,2.0,47.0,0.0,674.0,1,46,390000.0
713,2.0,42.0,0.0,20.0,1,11,229000.0
714,5.0,268.0,4.0,0.0,6,21,350000.0
715,4.0,130.0,2.0,0.0,1,32,1531178.0
716,4.0,224.0,3.0,2260.0,1,4,1600000.0
717,2.0,51.0,0.0,0.0,1,4,330000.0
718,2.0,45.0,0.0,2.0,1,56,320000.0
719,3.0,97.0,0.0,0.0,1,6,690000.0
720,2.0,64.0,0.0,400.0,1,50,230000.0
721,2.0,51.0,0.0,0.0,1,50,291900.0
722,5.0,575.0,5.0,1100.0,5,74,2990000.0
723,,40.0,0.0,300.0,1,56,145000.0
724,,30.0,0.0,20.0,11,92,339000.0
725,2.0,44.0,0.0,0.0,1,32,670000.0
726,3.0,106.0,0.0,0.0,1,4,1050000.0
727,3.0,80.0,2.0,0.0,1,4,550000.0
728,4.0,140.0,2.0,0.0,1,4,1345000.0
729,3.0,80.0,2.0,0.0,1,4,630000.0
730,4.0,140.0,2.0,750.0,5,82,600000.0
731,,25.0,0.0,20.0,11,92,245600.0
732,2.0,78.0,0.0,300.0,0,2,350000.0
733,,33.0,0.0,472.0,1,33,390000.0
734,,22.0,0.0,2.0,11,92,255900.0
735,3.0,120.0,2.0,1000.0,1,4,930000.0
736,4.0,324.0,3.0,0.0,1,6,900000.0
737,3.0,160.0,2.0,0.0,1,4,1750000.0
738,3.0,62.0,0.0,450.0,1,40,395000.0
739,3.0,60.0,0.0,0.0,1,46,420000.0
740,3.0,120.0,0.0,850.0,1,45,399000.0
741,3.0,94.0,0.0,900.0,1,6,595000.0
742,2.0,43.0,0.0,288.0,1,50,270000.0
743,3.0,200.0,5.0,0.0,2,17,690000.0
744,5.0,388.0,5.0,0.0,1,101,1600000.0
745,3.0,71.0,2.0,380.0,0,2,380000.0
746,4.0,189.0,4.0,900.0,9,27,899009.0
747,2.0,48.0,0.0,0.0,1,14,250000.0
748,5.0,361.0,5.0,0.0,0,2,1600000.0
749,3.0,110.0,0.0,925.0,1,6,350000.0
750,3.0,86.0,0.0,690.0,1,12,480000.0
751,4.0,240.0,3.0,0.0,1,4,3200000.0
752,2.0,58.0,0.0,400.0,0,2,360000.0
753,4.0,103.0,2.0,250.0,1,11,230000.0
754,2.0,140.0,0.0,400.0,2,86,249900.0
755,4.0,417.0,5.0,600.0,9,27,1250006.0
756,,40.0,0.0,0.0,1,56,270000.0
757,4.0,125.0,2.0,0.0,1,12,686658.0
758,3.0,160.0,0.0,0.0,5,19,290000.0
759,4.0,168.0,0.0,750.0,1,4,659000.0
760,4.0,330.0,4.0,2400.0,1,7,1900000.0
761,2.0,58.0,0.0,860.0,1,7,750000.0
762,2.0,64.0,0.0,680.0,1,43,330000.0
763,3.0,80.0,2.0,900.0,1,15,410000.0
764,,27.0,0.0,202.0,1,49,194500.0
765,2.0,41.0,0.0,0.0,1,12,328623.0
766,4.0,250.0,3.0,0.0,1,30,1800000.0
767,3.0,78.0,0.0,580.0,1,102,380000.0
768,3.0,320.0,4.0,800.0,9,27,1500000.0
769,4.0,110.0,2.0,900.0,1,45,784000.0
770,3.0,115.0,0.0,650.0,1,33,300000.0
771,3.0,70.0,0.0,680.0,1,46,349999.0
772,3.0,80.0,0.0,401.0,1,50,209500.0
773,,25.0,0.0,20.0,11,92,210000.0
774,,25.0,0.0,20.0,11,92,220000.0
775,3.0,142.0,2.0,0.0,1,4,870000.0
776,3.0,100.0,2.0,0.0,1,4,599900.0
777,3.0,65.0,0.0,0.0,1,49,509000.0
778,3.0,86.0,2.0,700.0,1,4,920000.0
779,3.0,140.0,0.0,400.0,5,44,300000.0
780,3.0,90.0,2.0,890.0,0,2,545000.0
781,3.0,102.0,2.0,845.0,1,4,700000.0
782,3.0,90.0,0.0,750.0,1,4,370000.0
783,3.0,87.0,0.0,450.0,2,3,370000.0
784,3.0,140.0,3.0,800.0,1,12,1100000.0
785,3.0,93.0,2.0,850.0,1,12,570000.0
786,5.0,248.0,5.0,700.0,9,27,1100000.0
787,3.0,95.0,0.0,250.0,2,28,220000.0
788,2.0,60.0,0.0,0.0,2,28,165000.0
789,3.0,74.0,0.0,0.0,2,3,300000.0
790,2.0,59.0,0.0,510.0,1,4,360000.0
791,3.0,150.0,2.0,940.0,1,4,730000.0
792,5.0,180.0,4.0,300.0,5,31,650000.0
793,4.0,323.0,3.0,1900.0,1,4,3500000.0
794,4.0,190.0,3.0,0.0,8,42,2495000.0
795,3.0,66.0,0.0,700.0,1,4,379000.0
796,4.0,106.0,0.0,900.0,1,1,515000.0
797,4.0,570.0,4.0,1000.0,9,27,1200000.0
798,,35.0,0.0,500.0,1,4,219000.0
799,3.0,69.0,0.0,500.0,2,86,260000.0
800,3.0,90.0,2.0,550.0,1,23,360000.0
801,3.0,79.0,0.0,550.0,1,6,465000.0
802,3.0,200.0,3.0,0.0,1,57,580000.0
803,5.0,260.0,5.0,0.0,1,33,1400000.0
804,3.0,170.0,0.0,700.0,1,4,590000.0
805,2.0,53.0,0.0,580.0,1,4,450000.0
806,4.0,152.0,2.0,11.0,1,4,1620000.0
807,4.0,300.0,2.0,1800.0,0,2,1850000.0
808,3.0,86.0,2.0,0.0,1,4,819653.0
809,4.0,185.0,2.0,0.0,7,103,500000.0
810,2.0,62.0,0.0,600.0,1,1,400000.0
811,3.0,70.0,2.0,0.0,1,56,525000.0
812,3.0,72.0,0.0,575.0,1,50,400000.0
813,4.0,350.0,4.0,700.0,9,27,1099000.0
814,3.0,62.0,2.0,0.0,0,2,400000.0
815,4.0,240.0,0.0,1298.0,1,4,959000.0
816,4.0,204.0,3.0,0.0,1,7,1800000.0
817,4.0,157.0,3.0,1600.0,1,4,1300000.0
818,3.0,97.0,2.0,0.0,8,42,780000.0
819,4.0,350.0,4.0,800.0,9,27,949900.0
820,5.0,450.0,3.0,1.0,0,0,738000.0
821,2.0,51.0,2.0,0.0,1,23,391000.0
822,2.0,58.0,0.0,495.0,1,55,494000.0
823,3.0,160.0,2.0,1100.0,1,4,850000.0
824,2.0,49.0,0.0,0.0,1,12,360000.0
825,4.0,136.0,2.0,1050.0,1,4,1250000.0
826,3.0,66.0,0.0,400.0,0,0,400000.0
827,3.0,136.0,2.0,900.0,1,45,949900.0
828,4.0,240.0,3.0,1500.0,1,4,1700000.0
829,2.0,44.0,0.0,400.0,1,4,359000.0
830,4.0,186.0,2.0,1150.0,1,12,900000.0
831,2.0,79.0,0.0,437.0,1,4,250000.0
832,3.0,92.0,3.0,600.0,1,4,1200000.0
833,4.0,181.0,3.0,0.0,8,42,1452000.0
834,2.0,50.0,0.0,720.0,1,43,320000.0
835,3.0,81.0,2.0,481.0,1,4,750000.0
836,2.0,52.0,0.0,415.0,1,4,300000.0
837,3.0,150.0,0.0,0.0,5,18,350000.0
838,,36.0,0.0,360.0,1,1,340000.0
839,3.0,86.0,2.0,0.0,1,4,916835.0
840,4.0,360.0,3.0,0.0,1,4,3600000.0
841,3.0,75.0,0.0,550.0,1,6,420000.0
842,3.0,89.0,2.0,800.0,1,6,640000.0
843,2.0,70.0,2.0,2800.0,5,19,600000.0
844,2.0,454.0,0.0,0.0,1,23,350000.0
845,3.0,104.0,0.0,750.0,1,4,350000.0
846,2.0,60.0,0.0,140.0,7,104,140000.0
847,2.0,43.0,0.0,30.0,1,14,158700.0
848,3.0,116.0,2.0,700.0,2,3,630000.0
849,,39.0,0.0,390.0,0,0,280000.0
850,4.0,300.0,4.0,0.0,7,103,2000000.0
851,2.0,49.0,0.0,0.0,1,6,264000.0
852,3.0,110.0,0.0,500.0,1,48,360000.0
853,3.0,65.0,0.0,640.0,1,4,300000.0
854,4.0,180.0,2.0,1700.0,1,45,600000.0
855,2.0,109.0,2.0,0.0,6,105,220000.0
856,3.0,100.0,2.0,780.0,1,4,699000.0
857,2.0,50.0,0.0,0.0,6,21,200000.0
858,2.0,46.0,0.0,400.0,1,11,240000.0
859,4.0,246.0,2.0,400.0,5,44,590000.0
860,2.0,70.0,0.0,700.0,1,4,335000.0
861,3.0,145.0,0.0,1026.0,1,45,650000.0
862,3.0,80.0,0.0,0.0,0,0,390000.0
863,4.0,181.0,2.0,1200.0,1,1,800000.0
864,,30.0,0.0,0.0,0,0,180000.0
865,,28.0,0.0,420.0,1,4,160000.0
866,3.0,120.0,0.0,0.0,0,106,180000.0
867,3.0,120.0,2.0,0.0,0,38,850000.0
868,,26.0,0.0,20.0,1,49,199000.0
869,2.0,90.0,0.0,200.0,0,0,130000.0
870,3.0,120.0,0.0,800.0,0,2,280000.0
871,3.0,138.0,0.0,1440.0,1,4,680000.0
872,2.0,71.0,0.0,500.0,0,2,220000.0
873,5.0,229.0,2.0,1469.0,1,4,1200000.0
874,3.0,100.0,0.0,750.0,1,4,380000.0
875,,48.0,0.0,780.0,1,4,210000.0
876,2.0,45.0,0.0,0.0,0,83,157000.0
877,2.0,56.0,0.0,50.0,0,2,145000.0
878,2.0,59.0,0.0,0.0,6,21,125000.0
879,2.0,52.0,5.0,0.0,2,28,234900.0
880,3.0,98.0,2.0,0.0,1,4,845000.0
881,4.0,107.0,3.0,800.0,1,46,750000.0
882,,20.0,0.0,20.0,11,92,160000.0
883,4.0,150.0,2.0,0.0,1,57,550000.0
884,3.0,113.0,2.0,0.0,8,42,1000000.0
885,2.0,73.0,0.0,680.0,1,4,405000.0
886,2.0,85.0,0.0,317.0,1,32,210000.0
887,2.0,50.0,0.0,700.0,1,18,310000.0
888,,36.0,0.0,1.0,0,8,300000.0
889,,31.0,0.0,1.0,0,2,290000.0
890,2.0,60.0,0.0,0.0,1,107,130000.0
891,2.0,49.0,0.0,190.0,3,38,70000.0
892,2.0,55.0,0.0,0.0,1,4,339000.0
893,3.0,80.0,2.0,530.0,1,4,530000.0
894,,47.0,0.0,450.0,1,33,200000.0
895,4.0,302.0,3.0,0.0,1,30,1650000.0
896,3.0,64.0,2.0,0.0,1,49,350000.0
897,4.0,204.0,2.0,1250.0,1,18,1350000.0
898,4.0,136.0,2.0,1300.0,1,30,980000.0
899,2.0,49.0,0.0,0.0,1,6,283000.0
900,3.0,110.0,2.0,1070.0,1,4,1100000.0
901,4.0,200.0,3.0,2000.0,1,4,1600000.0
902,3.0,79.0,0.0,130.0,1,60,240000.0
903,4.0,360.0,4.0,3200.0,1,4,6500000.0
904,4.0,150.0,2.0,0.0,1,13,1180000.0
905,2.0,54.0,0.0,0.0,1,46,380000.0
906,4.0,130.0,2.0,0.0,1,62,900000.0
907,3.0,83.0,2.0,590.0,1,4,510000.0
908,3.0,60.0,0.0,225.0,0,0,145000.0
909,4.0,125.0,3.0,900.0,1,4,850000.0
910,2.0,89.0,0.0,150.0,2,3,145000.0
911,5.0,330.0,4.0,0.0,2,17,500000.0
912,2.0,64.0,2.0,498.0,0,8,460000.0
913,4.0,218.0,3.0,2050.0,0,2,1500000.0
914,3.0,70.0,2.0,0.0,1,14,400000.0
915,4.0,135.0,2.0,1.0,1,62,897184.0
916,3.0,83.0,2.0,700.0,1,32,830000.0
917,3.0,92.0,2.0,0.0,1,6,719000.0
918,3.0,91.0,0.0,0.0,1,4,600000.0
919,4.0,234.0,3.0,1500.0,1,30,1900000.0
920,4.0,114.0,2.0,0.0,1,49,800000.0
921,2.0,46.0,0.0,0.0,1,4,725568.0
922,2.0,63.0,0.0,1.0,1,4,440000.0
923,2.0,110.0,2.0,850.0,1,33,850000.0
924,2.0,54.0,0.0,433.0,1,45,414126.0
925,3.0,70.0,0.0,680.0,1,4,300000.0
926,3.0,152.0,2.0,1000.0,1,4,1470000.0
927,2.0,54.0,0.0,0.0,6,105,136000.0
928,4.0,350.0,3.0,3200.0,1,4,1299999.0
929,3.0,89.0,2.0,0.0,0,0,702000.0
930,3.0,93.0,2.0,0.0,1,12,599000.0
931,3.0,87.0,2.0,800.0,1,13,750000.0
932,4.0,162.0,3.0,0.0,1,4,1470208.0
933,3.0,117.0,0.0,1170.0,1,4,420000.0
934,3.0,85.0,0.0,800.0,1,4,270000.0
935,4.0,165.0,0.0,500.0,1,108,500000.0
936,4.0,200.0,3.0,1100.0,1,30,1600000.0
937,3.0,54.0,0.0,0.0,6,21,165000.0
938,3.0,123.0,0.0,0.0,1,4,630000.0
939,3.0,120.0,0.0,800.0,1,4,600000.0
940,4.0,409.0,2.0,0.0,0,2,1900000.0
941,3.0,113.0,2.0,850.0,1,13,680000.0
942,3.0,134.0,2.0,300.0,1,12,270000.0
943,4.0,202.0,2.0,1400.0,0,2,800000.0
944,2.0,50.0,0.0,0.0,1,50,290000.0
945,,38.0,0.0,300.0,0,8,237000.0
946,,23.0,0.0,0.0,1,4,208000.0
947,,44.0,0.0,80.0,6,21,80000.0
948,2.0,45.0,0.0,200.0,1,84,227600.0
949,3.0,82.0,0.0,650.0,1,45,420000.0
950,4.0,150.0,2.0,1100.0,0,2,700000.0
951,2.0,53.0,0.0,0.0,2,28,245652.0
952,4.0,200.0,3.0,0.0,1,4,1100000.0
953,3.0,104.0,0.0,800.0,1,46,430000.0
954,4.0,203.0,3.0,0.0,1,33,1600000.0
955,3.0,82.0,2.0,650.0,1,46,500000.0
956,2.0,52.0,0.0,245.0,0,2,110000.0
957,2.0,45.0,0.0,485.0,1,33,565000.0
958,3.0,93.0,2.0,950.0,0,0,460000.0
959,2.0,44.0,0.0,0.0,1,11,329900.0
960,4.0,320.0,5.0,900.0,9,27,1850008.0
961,2.0,57.0,0.0,668.0,2,17,400000.0
962,4.0,215.0,3.0,970.0,7,22,1300000.0
963,,40.0,0.0,0.0,1,4,330000.0
964,2.0,45.0,0.0,0.0,1,58,226000.0
965,3.0,99.0,0.0,250.0,0,0,185000.0
966,3.0,100.0,2.0,0.0,1,4,780000.0
967,3.0,100.0,0.0,450.0,1,48,370000.0
968,2.0,58.0,0.0,0.0,1,12,436590.0
969,4.0,251.0,3.0,0.0,8,42,3000000.0
970,5.0,320.0,2.0,2000.0,1,46,1400000.0
971,4.0,300.0,5.0,890.0,9,27,1499900.0
972,4.0,639.0,5.0,0.0,1,4,3400000.0
973,,40.0,0.0,850.0,1,4,320000.0
974,2.0,45.0,0.0,0.0,0,0,229900.0
975,2.0,41.0,0.0,0.0,1,12,322783.0
976,,33.0,0.0,300.0,0,8,210000.0
977,3.0,149.0,2.0,1.0,1,10,1250000.0
978,3.0,102.0,2.0,0.0,1,55,640000.0
979,2.0,52.0,0.0,0.0,1,14,273000.0
980,3.0,87.0,0.0,0.0,1,14,279000.0
981,3.0,93.0,0.0,600.0,0,0,250000.0
982,3.0,74.0,0.0,200.0,1,50,175000.0
983,3.0,60.0,0.0,460.0,0,2,315000.0
984,3.0,76.0,2.0,655.0,1,45,550000.0
985,3.0,60.0,0.0,400.0,0,2,229500.0
986,3.0,102.0,2.0,0.0,1,43,700000.0
987,3.0,97.0,2.0,800.0,1,4,699000.0
988,,32.0,0.0,446.0,1,4,225000.0
989,2.0,54.0,0.0,190.0,3,109,130000.0
990,,28.0,0.0,328.0,1,43,350000.0
991,3.0,66.0,0.0,400.0,0,8,400000.0
992,3.0,300.0,4.0,900.0,5,110,950000.0
993,3.0,106.0,2.0,0.0,1,4,730000.0
994,4.0,346.0,4.0,450.0,5,19,1600000.0
995,3.0,306.0,0.0,0.0,5,31,190000.0
996,2.0,57.0,0.0,268.0,1,48,458000.0
997,4.0,270.0,4.0,890.0,9,27,1349902.0
